ID|Key|Raw|altID|Field2
100000|c552dca262ac88490dcb17c03aa85beb29987dcf6c0e5f77bdf943ff3a400bf5|250227095224472251000501070839|6295|Test 6295
100001|20131f33be5e297e7f26d32c01daf176504be6841f42a57ebb117397b23f7442|250227095224482206000501006723|1577|Test 1577
100002|e786ff4864079160db226559b852d39a628bb5722149325c371321023217e987|250227095224491153000501039781|1330|Test 1330
100003|fb24e2c256add7c6f548a86e76083ea7674521709745cbff9bad4d3fe45e192b|250227095224499200000501052805|3145|Test 3145
100004|fd68b6c80ca7d4d22a5f51ef0a3db4e2186ee0467295ff2849c3384134a7ad00|250227095224507198000501018185|6579|Test 6579
100005|399d9e2b913a556c56d2f92504380c4a006edab8207a04cc102cf35d91e4e816|250227095224515138000501067861|6616|Test 6616
100006|d934c2231d9e7a4d6b4597384ece652a46088145b04b52fb321ecc1ae0788edc|250227095224523011000501075856|4468|Test 4468
100007|cb3b72120f374ea1ff0ac1d076ae7dc91fc1f5b9582eb779e5ecce3204bf1c5f|250227095224531182000501095069|2225|Test 2225
100008|a1ad4fc830486ff71d33fbad094700d127fd2d29b1d344f95b62c7f617637ece|250227095224539153000501062213|6850|Test 6850
100009|ec9f45c81fa4ab421a7bbb29b5b028f329375a3e87cf3f6f2907be372ca847a8|250227095224547234000501059873|7472|Test 7472
# Generated (10) Templates at 09:52:24 2025-02-27 by 501_matttownsend on orion(*nix)